student_id,roll_number,full_name,course_code,course_name,exam_session,exam_type,internal_marks,external_marks,total_marks,max_marks,result,grade
S1001,2023UIT3101,"Jatin Reddy",ITITC503,"Artificial Intelligence",2025-DEC,REGULAR,31,23,54,100,PASS,B
S1001,2023UIT3101,"Jatin Reddy",ITITC504,"Mobile Computing",2025-DEC,REGULAR,39,44,83,100,PASS,A+
S1001,2023UIT3101,"Jatin Reddy",ITITC501,"Theory of Computation",2025-DEC,REGULAR,39,37,76,100,PASS,A
S1002,2023UIT3102,"Saanvi Mishra",ITITC503,"Artificial Intelligence",2025-DEC,REGULAR,29,38,67,100,PASS,B+
S1002,2023UIT3102,"Saanvi Mishra",ITITC504,"Mobile Computing",2025-DEC,REGULAR,48,48,96,100,PASS,O
S1002,2023UIT3102,"Saanvi Mishra",ITITC501,"Theory of Computation",2025-DEC,REGULAR,14,20,34,100,FAIL,F
S1003,2023UIT3103,"Siddharth Nair",ITITC503,"Artificial Intelligence",2025-DEC,REGULAR,33,,,100,ABSENT,Ab
S1003,2023UIT3103,"Siddharth Nair",ITITC504,"Mobile Computing",2025-DEC,REGULAR,31,40,71,100,PASS,B+
S1003,2023UIT3103,"Siddharth Nair",ITITC501,"Theory of Computation",2025-DEC,REGULAR,27,31,58,100,PASS,B
S1004,2023UIT3104,"Tanvi Ahuja",ITITC503,"Artificial Intelligence",2025-DEC,REGULAR,20,12,32,100,FAIL,F
S1004,2023UIT3104,"Tanvi Ahuja",ITITC504,"Mobile Computing",2025-DEC,REGULAR,34,,,100,DETAINED,FD
S1004,2023UIT3104,"Tanvi Ahuja",ITITC501,"Theory of Computation",2025-DEC,REGULAR,18,15,33,100,FAIL,F
S1005,2023UIT3105,"Diya Rana",ITITC503,"Artificial Intelligence",2025-DEC,REGULAR,41,31,72,100,PASS,A
S1005,2023UIT3105,"Diya Rana",ITITC504,"Mobile Computing",2025-DEC,REGULAR,30,39,69,100,PASS,B+
S1005,2023UIT3105,"Diya Rana",ITITC501,"Theory of Computation",2025-DEC,REGULAR,46,29,75,100,PASS,A
S1006,2023UIT3106,"Varun Bansal",ITITC503,"Artificial Intelligence",2025-DEC,REGULAR,40,40,80,100,PASS,A
S1006,2023UIT3106,"Varun Bansal",ITITC504,"Mobile Computing",2025-DEC,REGULAR,44,47,91,100,PASS,O
S1006,2023UIT3106,"Varun Bansal",ITITC501,"Theory of Computation",2025-DEC,REGULAR,41,14,55,100,FAIL,F
S1006,2023UIT3106,"Varun Bansal",ITITC501,"Theory of Computation",2026-JUL,SUPPLEMENTARY,41,22,63,100,PASS,B+
S1007,2023UIT3107,"Kavya Tiwari",ITITC503,"Artificial Intelligence",2025-DEC,REGULAR,32,41,73,100,PASS,A
S1007,2023UIT3107,"Kavya Tiwari",ITITC504,"Mobile Computing",2025-DEC,REGULAR,34,25,59,100,PASS,B
S1007,2023UIT3107,"Kavya Tiwari",ITITC501,"Theory of Computation",2025-DEC,REGULAR,40,27,67,100,PASS,B+
S1008,2023UIT3108,"Arnav Iyer",ITITC503,"Artificial Intelligence",2025-DEC,REGULAR,28,35,63,100,PASS,B+
S1008,2023UIT3108,"Arnav Iyer",ITITC504,"Mobile Computing",2025-DEC,REGULAR,48,27,75,100,PASS,A
S1008,2023UIT3108,"Arnav Iyer",ITITC501,"Theory of Computation",2025-DEC,REGULAR,42,40,82,100,PASS,A+
S1009,2024UIT3101,"Shreya Chauhan",ITITC304,"Advance Programming",2025-DEC,REGULAR,40,25,65,100,PASS,B+
S1009,2024UIT3101,"Shreya Chauhan",ITITC302,"Database Management Systems",2025-DEC,REGULAR,38,22,60,100,PASS,B
S1010,2024UIT3102,"Neha Rawat",ITITC304,"Advance Programming",2025-DEC,REGULAR,28,35,63,100,PASS,B+
S1010,2024UIT3102,"Neha Rawat",ITITC302,"Database Management Systems",2025-DEC,REGULAR,33,39,72,100,PASS,A
S1011,2024UIT3103,"Navya Dahiya",ITITC304,"Advance Programming",2025-DEC,REGULAR,32,36,68,100,PASS,B+
S1011,2024UIT3103,"Navya Dahiya",ITITC302,"Database Management Systems",2025-DEC,REGULAR,39,24,63,100,PASS,B+
S1012,2024UIT3104,"Kabir Tomar",ITITC304,"Advance Programming",2025-DEC,REGULAR,41,35,76,100,PASS,A
S1012,2024UIT3104,"Kabir Tomar",ITITC302,"Database Management Systems",2025-DEC,REGULAR,35,41,76,100,PASS,A
S1013,2024UIT3105,"Meera Bhatia",ITITC304,"Advance Programming",2025-DEC,REGULAR,37,44,81,100,PASS,A+
S1013,2024UIT3105,"Meera Bhatia",ITITC302,"Database Management Systems",2025-DEC,REGULAR,14,20,34,100,FAIL,F
S1013,2024UIT3105,"Meera Bhatia",ITITC302,"Database Management Systems",2026-JUL,SUPPLEMENTARY,30,35,65,100,PASS,B+
S1014,2024UIT3106,"Riya Pandey",ITITC304,"Advance Programming",2025-DEC,REGULAR,35,,,100,ABSENT,Ab
S1014,2024UIT3106,"Riya Pandey",ITITC304,"Advance Programming",2026-JUL,SUPPLEMENTARY,32,,,100,ABSENT,Ab
S1014,2024UIT3106,"Riya Pandey",ITITC302,"Database Management Systems",2025-DEC,REGULAR,26,30,56,100,PASS,B
S1015,2024UIT3107,"Lakshya Yadav",ITITC304,"Advance Programming",2025-DEC,REGULAR,39,33,72,100,PASS,A
S1015,2024UIT3107,"Lakshya Yadav",ITITC302,"Database Management Systems",2025-DEC,REGULAR,28,27,55,100,PASS,B
S1016,2024UIT3108,"Mohit Saxena",ITITC304,"Advance Programming",2025-DEC,REGULAR,15,15,30,100,FAIL,F
S1016,2024UIT3108,"Mohit Saxena",ITITC302,"Database Management Systems",2025-DEC,REGULAR,10,10,20,100,FAIL,F
S1017,2023UCS2101,"Aarav Das",COCSC501,"Computer Networks",2025-DEC,REGULAR,48,39,87,100,PASS,A+
S1017,2023UCS2101,"Aarav Das",COCSC504,"Information and Data Security",2025-DEC,REGULAR,28,35,63,100,PASS,B+
S1017,2023UCS2101,"Aarav Das",COCSC503,"Soft Computing",2025-DEC,REGULAR,39,31,70,100,PASS,B+
S1018,2023UCS2102,"Ishaan Taneja",COCSC501,"Computer Networks",2025-DEC,REGULAR,14,20,34,100,FAIL,F
S1018,2023UCS2102,"Ishaan Taneja",COCSC504,"Information and Data Security",2025-DEC,REGULAR,34,38,72,100,PASS,A
S1018,2023UCS2102,"Ishaan Taneja",COCSC503,"Soft Computing",2025-DEC,REGULAR,48,27,75,100,PASS,A
S1019,2023UCS2103,"Vihaan Joshi",COCSC501,"Computer Networks",2025-DEC,REGULAR,30,29,59,100,PASS,B
S1019,2023UCS2103,"Vihaan Joshi",COCSC504,"Information and Data Security",2025-DEC,REGULAR,40,30,70,100,PASS,B+
S1019,2023UCS2103,"Vihaan Joshi",COCSC503,"Soft Computing",2025-DEC,REGULAR,25,,,100,DETAINED,FD
S1020,2023UCS2104,"Ritika Sinha",COCSC501,"Computer Networks",2025-DEC,REGULAR,33,40,73,100,PASS,A
S1020,2023UCS2104,"Ritika Sinha",COCSC504,"Information and Data Security",2025-DEC,REGULAR,38,25,63,100,PASS,B+
S1020,2023UCS2104,"Ritika Sinha",COCSC503,"Soft Computing",2025-DEC,REGULAR,33,35,68,100,PASS,B+
S1021,2023UCS2105,"Aditya Gupta",COCSC501,"Computer Networks",2025-DEC,REGULAR,29,42,71,100,PASS,B+
S1021,2023UCS2105,"Aditya Gupta",COCSC504,"Information and Data Security",2025-DEC,REGULAR,20,10,30,100,FAIL,F
S1021,2023UCS2105,"Aditya Gupta",COCSC503,"Soft Computing",2025-DEC,REGULAR,40,26,66,100,PASS,B+
S1022,2023UCS2106,"Nikhil Walia",COCSC501,"Computer Networks",2025-DEC,REGULAR,18,14,32,100,FAIL,F
S1022,2023UCS2106,"Nikhil Walia",COCSC504,"Information and Data Security",2025-DEC,REGULAR,22,11,33,100,FAIL,F
S1022,2023UCS2106,"Nikhil Walia",COCSC503,"Soft Computing",2025-DEC,REGULAR,20,,,100,ABSENT,Ab
S1023,2023UCS2107,"Pooja Mehta",COCSC501,"Computer Networks",2025-DEC,REGULAR,30,43,73,100,PASS,A
S1023,2023UCS2107,"Pooja Mehta",COCSC504,"Information and Data Security",2025-DEC,REGULAR,30,27,57,100,PASS,B
S1023,2023UCS2107,"Pooja Mehta",COCSC503,"Soft Computing",2025-DEC,REGULAR,37,36,73,100,PASS,A
S1024,2023UCS2108,"Yash Sethi",COCSC501,"Computer Networks",2025-DEC,REGULAR,26,40,66,100,PASS,B+
S1024,2023UCS2108,"Yash Sethi",COCSC504,"Information and Data Security",2025-DEC,REGULAR,27,25,52,100,PASS,C
S1024,2023UCS2108,"Yash Sethi",COCSC503,"Soft Computing",2025-DEC,REGULAR,32,29,61,100,PASS,B
S1025,2024UCS2101,"Pranav Sharma",COCSC302,"Database Management Systems",2025-DEC,REGULAR,45,35,80,100,PASS,A
S1025,2024UCS2101,"Pranav Sharma",COCSC303,"Design and Analysis of Algorithms",2025-DEC,REGULAR,33,29,62,100,PASS,B
S1026,2024UCS2102,"Dhruv Verma",COCSC302,"Database Management Systems",2025-DEC,REGULAR,37,42,79,100,PASS,A
S1026,2024UCS2102,"Dhruv Verma",COCSC303,"Design and Analysis of Algorithms",2025-DEC,REGULAR,37,28,65,100,PASS,B+
S1027,2024UCS2103,"Harsh Khanna",COCSC302,"Database Management Systems",2025-DEC,REGULAR,39,29,68,100,PASS,B+
S1027,2024UCS2103,"Harsh Khanna",COCSC303,"Design and Analysis of Algorithms",2025-DEC,REGULAR,32,22,54,100,PASS,B
S1028,2024UCS2104,"Tushar Arora",COCSC302,"Database Management Systems",2025-DEC,REGULAR,14,20,34,100,FAIL,F
S1028,2024UCS2104,"Tushar Arora",COCSC302,"Database Management Systems",2026-JUL,SUPPLEMENTARY,20,14,34,100,FAIL,F
S1028,2024UCS2104,"Tushar Arora",COCSC303,"Design and Analysis of Algorithms",2025-DEC,REGULAR,33,31,64,100,PASS,B+
S1029,2024UCS2105,"Ananya Grover",COCSC302,"Database Management Systems",2025-DEC,REGULAR,29,43,72,100,PASS,A
S1029,2024UCS2105,"Ananya Grover",COCSC303,"Design and Analysis of Algorithms",2025-DEC,REGULAR,30,,,100,ABSENT,Ab
S1029,2024UCS2105,"Ananya Grover",COCSC303,"Design and Analysis of Algorithms",2026-JUL,SUPPLEMENTARY,25,30,55,100,PASS,B
S1030,2024UCS2106,"Rahul Malhotra",COCSC302,"Database Management Systems",2025-DEC,REGULAR,47,27,74,100,PASS,A
S1030,2024UCS2106,"Rahul Malhotra",COCSC303,"Design and Analysis of Algorithms",2025-DEC,REGULAR,42,30,72,100,PASS,A
S1031,2024UCS2107,"Reyansh Kapoor",COCSC302,"Database Management Systems",2025-DEC,REGULAR,38,46,84,100,PASS,A+
S1031,2024UCS2107,"Reyansh Kapoor",COCSC303,"Design and Analysis of Algorithms",2025-DEC,REGULAR,45,25,70,100,PASS,B+
S1032,2024UCS2108,"Kritika Bose",COCSC302,"Database Management Systems",2025-DEC,REGULAR,12,9,21,100,FAIL,F
S1032,2024UCS2108,"Kritika Bose",COCSC303,"Design and Analysis of Algorithms",2025-DEC,REGULAR,13,11,24,100,FAIL,F
