student_id,roll_number,full_name,programme,batch_year,current_semester,cgpa,active_backlogs
S1001,2023UIT3101,"Jatin Reddy","B.Tech IT",2023,7,8.5,0
S1002,2023UIT3102,"Saanvi Mishra","B.Tech IT",2023,7,6.9,1
S1003,2023UIT3103,"Siddharth Nair","B.Tech IT",2023,7,6.4,1
S1004,2023UIT3104,"Tanvi Ahuja","B.Tech IT",2023,7,5.0,4
S1005,2023UIT3105,"Diya Rana","B.Tech IT",2023,7,7.5,0
S1006,2023UIT3106,"Varun Bansal","B.Tech IT",2023,7,7.1,0
S1007,2023UIT3107,"Kavya Tiwari","B.Tech IT",2023,7,9.14,0
S1008,2023UIT3108,"Arnav Iyer","B.Tech IT",2023,7,6.5,0
S1009,2024UIT3101,"Shreya Chauhan","B.Tech IT",2024,5,8.0,0
S1010,2024UIT3102,"Neha Rawat","B.Tech IT",2024,5,8.85,0
S1011,2024UIT3103,"Navya Dahiya","B.Tech IT",2024,5,8.67,0
S1012,2024UIT3104,"Kabir Tomar","B.Tech IT",2024,5,7.5,0
S1013,2024UIT3105,"Meera Bhatia","B.Tech IT",2024,5,7.0,0
S1014,2024UIT3106,"Riya Pandey","B.Tech IT",2024,5,6.6,1
S1015,2024UIT3107,"Lakshya Yadav","B.Tech IT",2024,5,8.4,0
S1016,2024UIT3108,"Mohit Saxena","B.Tech IT",2024,5,5.6,3
S1017,2023UCS2101,"Aarav Das","B.Tech CSE",2023,7,6.51,0
S1018,2023UCS2102,"Ishaan Taneja","B.Tech CSE",2023,7,6.8,1
S1019,2023UCS2103,"Vihaan Joshi","B.Tech CSE",2023,7,6.2,1
S1020,2023UCS2104,"Ritika Sinha","B.Tech CSE",2023,7,8.5,0
S1021,2023UCS2105,"Aditya Gupta","B.Tech CSE",2023,7,7.5,1
S1022,2023UCS2106,"Nikhil Walia","B.Tech CSE",2023,7,5.0,5
S1023,2023UCS2107,"Pooja Mehta","B.Tech CSE",2023,7,6.84,0
S1024,2023UCS2108,"Yash Sethi","B.Tech CSE",2023,7,7.48,0
S1025,2024UCS2101,"Pranav Sharma","B.Tech CSE",2024,5,8.0,0
S1026,2024UCS2102,"Dhruv Verma","B.Tech CSE",2024,5,9.17,0
S1027,2024UCS2103,"Harsh Khanna","B.Tech CSE",2024,5,8.51,0
S1028,2024UCS2104,"Tushar Arora","B.Tech CSE",2024,5,6.5,1
S1029,2024UCS2105,"Ananya Grover","B.Tech CSE",2024,5,6.8,0
S1030,2024UCS2106,"Rahul Malhotra","B.Tech CSE",2024,5,8.61,0
S1031,2024UCS2107,"Reyansh Kapoor","B.Tech CSE",2024,5,8.72,0
S1032,2024UCS2108,"Kritika Bose","B.Tech CSE",2024,5,5.4,3
