doc_id,title,issuer,authority_level,doc_type,version,effective_from,effective_to,supersedes,scope_programmes,scope_batches,provenance,retrieved_on,synthetic,file_name,scanned,date_basis
NSUT-BTECH-REG-2019,Regulations for Undergraduate Programme of Bachelor of Technology (Regulations-2019-I(A)),"Senate / Board of Management, NSUT",1,regulation,2019-I(A),2019-07-01,,,B.Tech,2019+,https://drive.google.com/file/d/1CW5WiUt2DGhRRmf-AXastkHqeBC4_5d6,2026-10-06,N,NSUT_BTech_Regulations_2019_I-A.pdf,N,session start 2019-20 (approval dates blank in doc)
NSUT-BTECH-RULES-2019,"Academic Rules and Regulations of the NSUT B.Tech Programme (extract, renumbered)",Coordinator UMC,3,notice,2019,2019-07-29,,,B.Tech,2019+,https://www.imsnsit.org/imsnsit/notifications.php (Archive) 29-07-2019,2026-10-06,N,NSUT_BTech_Academic_Rules_Extract_2019.pdf,N,posting date
NSUT-ORD-II-2019,Ordinance-II: Bachelor's and Master's Programmes,NSUT Senate / BoM,1,regulation,II,2019-07-01,,,ALL,2019+,https://drive.google.com/file/d/1CTYQr6_46Jriqad87lchZq0CXWwATt6c,2026-10-06,N,NSUT_Ordinance-II_UG_PG_2019.pdf,N,session start 2019-20
NSUT-ORD-II-GAZ-2020,Ordinance-II as published in Delhi Gazette Extraordinary No.122,Govt. of NCT of Delhi / NSUT,1,regulation,Gazette-2020,2020-07-02,,,ALL,2019+,https://drive.google.com/file/d/1bWZ9fn3ve9jfRYCvQhDUc8rF9Zi6Ae-Q,2026-10-06,N,NSUT_Ordinance-II_Delhi_Gazette_2020.pdf,N,gazette date
COE-UFM-2025,Rules on unfair means in examinations,Controller of Examinations,2,circular,2025,2025-05-05,,,ALL,ALL,https://drive.google.com/file/d/17KkBZM7kw5KAMm54nl0ES4kXRjrUKT8f,2026-10-06,N,NSUT_CoE_Unfair_Means_Rules_2025.pdf,N,posting date
BOM-MAKEUP-2026,BoM resolution: make-up exams once a year in Summer Semester (Exam-Only Mode),Registrar,1,regulation,BOM-22,2025-07-01,,,ALL,ALL,https://www.imsnsit.org/imsnsit/notifications.php (Archive) 30-01-2026,2026-10-06,N,NSUT_BoM_Makeup_Exam_Resolution_2026-01.pdf,N,'w.e.f. Odd Semester 2025' (approx. start); BoM met 2025-11-28
DEAN-MAKEUP-GUIDE-2026,Make-up examination guidelines 2025-26,Dean Academics,2,circular,2025-26,2026-01-21,,,ALL,ALL,https://www.imsnsit.org/imsnsit/notifications.php (Archive) 21-01-2026,2026-10-06,N,NSUT_DeanAcad_Makeup_Exam_Guidelines_2025-26.pdf,N,posting date
DEAN-MAKEUP-NOTIF-2026,Notification: applications for make-up examination,Dean Academics,2,circular,F.220(56)/101,2026-05-07,,,ALL,ALL,https://www.imsnsit.org/imsnsit/notifications.php (Archive) 07-05-2026,2026-10-06,N,NSUT_DeanAcad_Makeup_Exam_Notification_2026-05-07.pdf,Y,posting date
ACAD-BACKLOG-MODES-2026,Backlog registration: Exam-Only Mode and Study Mode,Asst. Registrar (Academics),2,circular,2026-01,2026-01-27,,,B.Tech,ALL,https://www.imsnsit.org/imsnsit/notifications.php (Archive) 27-01-2026,2026-10-06,N,NSUT_Acad_Backlog_Registration_Modes_2026-01-27.pdf,Y,posting date
SENATE-SUMMER-2020,Summer Semester guidelines (4th Senate meeting),Senate,1,regulation,F.220(333)/53,2020-02-26,,,ALL,ALL,https://www.imsnsit.org/imsnsit/notifications.php (Archive) 15-04-2021,2026-10-06,N,NSUT_Senate_Summer_Semester_Guidelines_2020-06-11.pdf,Y,Senate meeting date
DEAN-SUMMER-2026,Summer Semester guidelines 2026,Dean Academics,2,circular,F.220(591)/114,2026-05-08,,,ALL,ALL,https://www.imsnsit.org/imsnsit/notifications.php (Archive) 08-05-2026,2026-10-06,N,NSUT_DeanAcad_Summer_Semester_Guidelines_2026-05-08.pdf,Y,posting date
ACAD-ATT-2026,Notification regarding attendance,"Assistant Registrar, Academics",2,circular,F.220(312)/ShortAtt/2026-27/1005,2026-09-15,,,ALL,ALL,https://www.imsnsit.org/imsnsit/notifications.php (Archive) 15-09-2026,2026-10-06,N,NSUT_Acad_Attendance_Notification_2026-09-15.pdf,Y,printed date 15/9/26 (VERIFIED)
FEE-2026-27,Annual fee structure for students admitted 2026-27,Registrar / BoM,2,circular,F.220(558)/AnnualFeeStructure/2025/147,2026-05-14,,,B.Tech,2026,https://drive.google.com/file/d/11iCdBponIqMugJsa_LPB75hS2zx6-MJ4,2026-10-06,N,NSUT_Annual_Fee_Structure_Admission_2026-27.pdf,Y,printed date
ACAD-FEE-NOINST-2026,No instalments for Annual University Fee,Academic Section,2,circular,F.220(558)/236,2026-06-02,,,B.Tech,ALL,https://www.imsnsit.org/imsnsit/notifications.php (Archive) 02-06-2026,2026-10-06,N,NSUT_Acad_Fee_Payment_No_Instalments_2026-06-02.pdf,Y,posting date
ADM-FIRSTYEAR-2026,Admissions-2026 circular: first-year fee and joining,"Chairman, Admissions-2026",2,circular,2026,2026-07-27,,,B.Tech,2026,https://drive.google.com/file/d/1aZ_CX9PH9oHnN23BCMWtCH__HOtIyJoZ,2026-10-06,N,NSUT_Admissions_Circular_First_Year_2026-07-27.pdf,N,posting date
TNP-POLICY-2024-25,Placement Policy 2024-25,Training & Placement Cell,2,regulation,2024-25 final,2024-07-01,2025-06-30,,B.Tech,ALL,https://tnpnsut-files.s3.ap-south-1.amazonaws.com/Placement_Policy_2024_25_final_b6588b530d.pdf,2026-10-06,N,NSUT_TnP_Placement_Policy_2024-25.pdf,N,season start assumed; no later policy published
CVSPK-RULES-2020,CVSPK Scholarship and Incentive Rules 2020,NSUT (CVSPK),1,regulation,2020,2020-01-01,,,B.Tech,ALL,https://drive.google.com/file/d/1RyYTumb56zTUToEjoivle-qD6iGcumsu,2026-10-06,N,NSUT_CVSPK_Scholarship_Incentive_Rules_2020.pdf,N,year only
HOSTEL-RULES-2024,Hostel general rules,Chief Warden,2,circular,2024,2024-07-03,,,ALL,ALL,https://drive.google.com/file/d/17o8EH_-dUHECJvOgcpHFqSa8ZVl22jdq,2026-10-06,N,NSUT_Hostel_General_Rules_2024-07-03.pdf,N,file date
HOSTEL-PROHIB-2026,Hostel prohibited items notice,"Warden, Ramanujan/JC Bose Hostel",3,notice,NSUT/Ramanujan Hostel/Adm/2026/03,2026-08-19,,,ALL,ALL,NSUT hostel notice board,2026-10-06,N,NSUT_Hostel_Prohibited_Items_2026-08-19.pdf,N,file date
HOSTEL-BH4-FEE-2026,Hostel fee deadline notice,"Warden, Ramanujan Hostel",3,notice,2026,2026-08-12,,,ALL,ALL,NSUT hostel notice board,2026-10-06,N,NSUT_Hostel_BH4_Fee_Deadline_2026-08-12.pdf,N,file date
CAL-ODD-2026-27,"Academic calendar, odd semester 2026-27",Academic Section,2,circular,2026-27,2026-07-20,,,B.Tech,ALL,https://www.imsnsit.org/imsnsit/notifications.php (Archive) 20-07-2026,2026-10-06,N,NSUT_Academic_Calendar_Odd_2026-27.pdf,Y,posting date
CAL-EVEN-2026,"Academic calendar, even semester 2026 (revised)",Academic Section,2,circular,No.1917,2026-01-08,,,B.Tech,ALL,https://www.imsnsit.org/imsnsit/notifications.php (Archive) 08-01-2026,2026-10-06,N,NSUT_Academic_Calendar_Even_2026_Revised.pdf,N,printed date; jumbled text layer
CAL-EVEN-2026-ADD,Addendum to even-semester calendar 2026,Academic Section,2,circular,Addendum,2026-03-23,,CAL-EVEN-2026,B.Tech,ALL,https://www.imsnsit.org/imsnsit/notifications.php (Archive) 2026-03-23,2026-10-06,N,NSUT_Academic_Calendar_Even_2026_Addendum_2026-03-23.pdf,Y,posting date
COE-SUMMER-COURSES-2026,Summer semester 2026 course list (Google Sheet export),Controller of Examinations,2,notice,2026,2026-05-12,,,B.Tech,ALL,https://docs.google.com/spreadsheets/d/1lQrFzKYaxM0reHWHh9C3fDtQ7C5rvBXUO3vXWvqVP2o,2026-10-06,N,NSUT_CoE_Summer_Semester_Courses_2026.xlsx,N,posting date
