student_id,course_code,classes_held,classes_attended
S1002,ITITC501,40,30
S1003,ITITC503,40,29
S1004,ITITC504,40,24
S1004,ITITC503,40,26
S1009,ITITC501,40,30
S1009,ITITC503,37,35
S1009,ITITC504,42,35
S1010,ITITC501,43,39
S1010,ITITC503,40,29
S1010,ITITC504,41,33
S1011,ITITC501,37,33
S1011,ITITC503,44,41
S1011,ITITC504,40,24
S1012,ITITC501,41,24
S1012,ITITC503,38,34
S1012,ITITC504,43,34
S1013,ITITC501,37,34
S1013,ITITC503,38,32
S1013,ITITC504,42,40
S1014,ITITC501,44,39
S1014,ITITC503,37,33
S1014,ITITC504,38,33
S1015,ITITC501,36,32
S1015,ITITC503,43,36
S1015,ITITC504,37,33
S1016,ITITC501,44,38
S1016,ITITC503,43,41
S1016,ITITC504,39,33
S1018,COCSC501,40,30
S1019,COCSC503,40,27
S1021,COCSC504,36,27
S1022,COCSC501,40,31
S1022,COCSC503,40,20
S1022,COCSC504,40,33
S1025,COCSC501,40,30
S1025,COCSC503,43,35
S1025,COCSC504,44,40
S1026,COCSC501,42,40
S1026,COCSC503,40,29
S1026,COCSC504,39,37
S1027,COCSC501,44,37
S1027,COCSC503,39,35
S1027,COCSC504,40,24
S1028,COCSC501,39,36
S1028,COCSC503,37,30
S1028,COCSC504,38,36
S1029,COCSC501,43,35
S1029,COCSC503,43,40
S1029,COCSC504,37,35
S1030,COCSC501,37,34
S1030,COCSC503,37,30
S1030,COCSC504,43,41
S1031,COCSC501,40,36
S1031,COCSC503,44,36
S1031,COCSC504,37,35
S1032,COCSC501,37,32
S1032,COCSC503,44,40
S1032,COCSC504,38,34
