student_id,course_code,exam_session,exam_type,internal_marks,external_marks,total_marks,max_marks,result
S1001,CS201,2026-MAY,REGULAR,35,45,80,100,PASS
S1001,CS202,2026-MAY,REGULAR,38,42,80,100,PASS
S1002,CS201,2026-MAY,REGULAR,36,44,80,100,PASS
S1002,CS202,2026-MAY,REGULAR,37,43,80,100,PASS
S1003,CS201,2026-MAY,REGULAR,32,24,56,100,PASS
S1003,CS202,2026-MAY,REGULAR,35,25,60,100,PASS
S1004,CS201,2026-MAY,REGULAR,30,0,30,100,ABSENT
S1004,CS202,2026-MAY,REGULAR,32,28,60,100,PASS
S1005,CS201,2026-MAY,REGULAR,30,0,30,100,DETAINED
S1005,CS202,2026-MAY,REGULAR,25,0,25,100,DETAINED
S1006,CS201,2026-MAY,REGULAR,28,12,40,100,PASS
S1006,CS202,2026-MAY,REGULAR,23,15,38,100,FAIL
S1007,CS201,2026-MAY,REGULAR,35,45,80,100,PASS
S1007,CS202,2026-MAY,REGULAR,38,42,80,100,PASS
S1008,CS201,2026-MAY,REGULAR,38,42,80,100,PASS
S1008,CS202,2026-MAY,REGULAR,35,40,75,100,PASS
S1009,CS101,2026-MAY,REGULAR,25,40,65,100,PASS
S1009,MA101,2026-MAY,REGULAR,18,22,40,100,PASS
S1010,CS101,2026-MAY,REGULAR,22,16,38,100,FAIL
S1010,MA101,2026-MAY,REGULAR,16,22,38,100,FAIL
S1011,CS101,2026-MAY,REGULAR,35,33,68,100,PASS
S1011,MA101,2026-MAY,REGULAR,27,33,60,100,PASS
S1012,CS101,2026-MAY,REGULAR,32,28,60,100,PASS
S1012,MA101,2026-MAY,REGULAR,24,36,60,100,PASS
S1013,CS101,2026-MAY,REGULAR,34,33,67,100,PASS
S1013,MA101,2026-MAY,REGULAR,28,32,60,100,PASS
S1014,CS101,2026-MAY,REGULAR,36,22,58,100,PASS
S1014,MA101,2026-MAY,REGULAR,25,35,60,100,PASS
S1015,CS101,2026-MAY,REGULAR,38,32,70,100,PASS
S1015,MA101,2026-MAY,REGULAR,28,32,60,100,PASS
S1016,CS101,2026-MAY,REGULAR,36,34,70,100,PASS
S1016,MA101,2026-MAY,REGULAR,26,34,60,100,PASS
S1017,EC201,2026-MAY,REGULAR,28,42,70,100,PASS
S1017,EC202,2026-MAY,REGULAR,30,45,75,100,PASS
S1018,EC201,2026-MAY,REGULAR,32,38,70,100,PASS
S1018,EC202,2026-MAY,REGULAR,20,0,20,100,FAIL
S1019,EC201,2026-MAY,REGULAR,35,35,70,100,PASS
S1019,EC202,2026-MAY,REGULAR,15,0,15,100,ABSENT
S1020,EC201,2026-MAY,REGULAR,37,43,80,100,PASS
S1020,EC202,2026-MAY,REGULAR,25,45,70,100,PASS
S1021,EC201,2026-MAY,REGULAR,40,40,80,100,PASS
S1021,EC202,2026-MAY,REGULAR,30,40,70,100,PASS
S1022,EC201,2026-MAY,REGULAR,32,38,70,100,PASS
S1022,EC202,2026-MAY,REGULAR,28,32,60,100,PASS
S1023,EC201,2026-MAY,REGULAR,35,45,80,100,PASS
S1023,EC202,2026-MAY,REGULAR,25,40,65,100,PASS
S1024,EC201,2026-MAY,REGULAR,38,42,80,100,PASS
S1024,EC202,2026-MAY,REGULAR,22,38,60,100,PASS
S1025,EC101,2026-MAY,REGULAR,0,0,0,100,DETAINED
S1025,MA102,2026-MAY,REGULAR,25,45,70,100,PASS
S1026,EC101,2026-MAY,REGULAR,32,25,57,100,PASS
S1026,MA102,2026-MAY,REGULAR,16,23,39,100,FAIL
S1027,EC101,2026-MAY,REGULAR,38,42,80,100,PASS
S1027,MA102,2026-MAY,REGULAR,35,45,80,100,PASS
S1028,EC101,2026-MAY,REGULAR,36,44,80,100,PASS
S1028,MA102,2026-MAY,REGULAR,37,43,80,100,PASS
S1029,EC101,2026-MAY,REGULAR,34,46,80,100,PASS
S1029,MA102,2026-MAY,REGULAR,39,41,80,100,PASS
S1030,EC101,2026-MAY,REGULAR,35,42,77,100,PASS
S1030,MA102,2026-MAY,REGULAR,38,42,80,100,PASS
S1031,EC101,2026-MAY,REGULAR,36,44,80,100,PASS
S1031,MA102,2026-MAY,REGULAR,37,43,80,100,PASS
S1032,EC101,2026-MAY,REGULAR,38,44,82,100,PASS
S1032,MA102,2026-MAY,REGULAR,39,41,80,100,PASS
