student_id,full_name,programme,batch_year,current_semester,cgpa,active_backlogs,roll_no,email
S1001,Jatin Reddy,B.Tech IT,2023,7,8.50,0,2023UIT3101,jatin.reddy.2023uit3101@nsut.ac.in
S1002,Saanvi Mishra,B.Tech IT,2023,7,6.90,1,2023UIT3102,saanvi.mishra.2023uit3102@nsut.ac.in
S1003,Siddharth Nair,B.Tech IT,2023,7,6.40,1,2023UIT3103,siddharth.nair.2023uit3103@nsut.ac.in
S1004,Tanvi Ahuja,B.Tech IT,2023,7,5.00,4,2023UIT3104,tanvi.ahuja.2023uit3104@nsut.ac.in
S1005,Diya Rana,B.Tech IT,2023,7,7.50,0,2023UIT3105,diya.rana.2023uit3105@nsut.ac.in
S1006,Varun Bansal,B.Tech IT,2023,7,7.10,0,2023UIT3106,varun.bansal.2023uit3106@nsut.ac.in
S1007,Kavya Tiwari,B.Tech IT,2023,7,9.14,0,2023UIT3107,kavya.tiwari.2023uit3107@nsut.ac.in
S1008,Arnav Iyer,B.Tech IT,2023,7,6.50,0,2023UIT3108,arnav.iyer.2023uit3108@nsut.ac.in
S1009,Shreya Chauhan,B.Tech IT,2024,5,8.00,0,2024UIT3101,shreya.chauhan.2024uit3101@nsut.ac.in
S1010,Neha Rawat,B.Tech IT,2024,5,8.85,0,2024UIT3102,neha.rawat.2024uit3102@nsut.ac.in
S1011,Navya Dahiya,B.Tech IT,2024,5,8.67,0,2024UIT3103,navya.dahiya.2024uit3103@nsut.ac.in
S1012,Kabir Tomar,B.Tech IT,2024,5,7.50,0,2024UIT3104,kabir.tomar.2024uit3104@nsut.ac.in
S1013,Meera Bhatia,B.Tech IT,2024,5,7.00,0,2024UIT3105,meera.bhatia.2024uit3105@nsut.ac.in
S1014,Riya Pandey,B.Tech IT,2024,5,6.60,1,2024UIT3106,riya.pandey.2024uit3106@nsut.ac.in
S1015,Lakshya Yadav,B.Tech IT,2024,5,8.40,0,2024UIT3107,lakshya.yadav.2024uit3107@nsut.ac.in
S1016,Mohit Saxena,B.Tech IT,2024,5,5.60,3,2024UIT3108,mohit.saxena.2024uit3108@nsut.ac.in
S1017,Aarav Das,B.Tech CSE,2023,7,6.51,0,2023UCS2101,aarav.das.2023ucs2101@nsut.ac.in
S1018,Ishaan Taneja,B.Tech CSE,2023,7,6.80,1,2023UCS2102,ishaan.taneja.2023ucs2102@nsut.ac.in
S1019,Vihaan Joshi,B.Tech CSE,2023,7,6.20,1,2023UCS2103,vihaan.joshi.2023ucs2103@nsut.ac.in
S1020,Ritika Sinha,B.Tech CSE,2023,7,8.50,0,2023UCS2104,ritika.sinha.2023ucs2104@nsut.ac.in
S1021,Aditya Gupta,B.Tech CSE,2023,7,7.50,1,2023UCS2105,aditya.gupta.2023ucs2105@nsut.ac.in
S1022,Nikhil Walia,B.Tech CSE,2023,7,5.00,5,2023UCS2106,nikhil.walia.2023ucs2106@nsut.ac.in
S1023,Pooja Mehta,B.Tech CSE,2023,7,6.84,0,2023UCS2107,pooja.mehta.2023ucs2107@nsut.ac.in
S1024,Yash Sethi,B.Tech CSE,2023,7,7.48,0,2023UCS2108,yash.sethi.2023ucs2108@nsut.ac.in
S1025,Pranav Sharma,B.Tech CSE,2024,5,8.00,0,2024UCS2101,pranav.sharma.2024ucs2101@nsut.ac.in
S1026,Dhruv Verma,B.Tech CSE,2024,5,9.17,0,2024UCS2102,dhruv.verma.2024ucs2102@nsut.ac.in
S1027,Harsh Khanna,B.Tech CSE,2024,5,8.51,0,2024UCS2103,harsh.khanna.2024ucs2103@nsut.ac.in
S1028,Tushar Arora,B.Tech CSE,2024,5,6.50,1,2024UCS2104,tushar.arora.2024ucs2104@nsut.ac.in
S1029,Ananya Grover,B.Tech CSE,2024,5,6.80,0,2024UCS2105,ananya.grover.2024ucs2105@nsut.ac.in
S1030,Rahul Malhotra,B.Tech CSE,2024,5,8.61,0,2024UCS2106,rahul.malhotra.2024ucs2106@nsut.ac.in
S1031,Reyansh Kapoor,B.Tech CSE,2024,5,8.72,0,2024UCS2107,reyansh.kapoor.2024ucs2107@nsut.ac.in
S1032,Kritika Bose,B.Tech CSE,2024,5,5.40,3,2024UCS2108,kritika.bose.2024ucs2108@nsut.ac.in
